PointID,Probenahme_Monat,Probenahme_Jahr
2,11,2015
3,6,2016
4,8,2018
5,10,2015
6,10,2015
7,3,2015
8,11,2015
10,3,2016
11,5,2016
12,9,2017
14,11,2015
15,3,2016
16,10,2016
17,10,2016
18,10,2015
19,3,2016
20,3,2017
21,4,2016
22,11,2015
23,4,2016
24,8,2017
25,1,2016
27,11,2015
28,11,2015
29,5,2016
30,1,2016
31,3,2016
32,10,2016
33,10,2016
35,4,2016
36,3,2017
37,11,2015
38,11,2016
41,1,2016
42,8,2016
43,2,2016
44,9,2012
46,8,2017
48,10,2016
49,8,2016
50,9,2018
52,10,2016
55,10,2016
57,3,2014
58,6,2016
59,11,2016
60,8,2016
62,9,2017
63,4,2016
64,7,2017
65,7,2016
66,9,2016
67,5,2016
68,5,2016
69,8,2017
71,11,2012
72,3,2014
73,9,2012
74,9,2012
75,3,2014
76,9,2016
77,11,2016
78,11,2016
80,2,2016
81,4,2016
82,1,2016
83,4,2016
84,6,2016
85,5,2016
86,3,2017
87,7,2016
88,8,2017
89,8,2016
91,3,2014
92,1,2013
93,9,2012
95,9,2012
96,9,2012
97,9,2016
98,8,2017
100,9,2018
101,6,2016
102,11,2016
104,10,2016
106,8,2017
107,8,2017
112,3,2016
113,8,2017
114,8,2016
116,9,2016
119,11,2013
120,10,2012
121,10,2012
123,11,2012
124,9,2016
125,8,2018
126,6,2016
127,11,2016
128,6,2016
129,4,2017
131,4,2017
132,2,2017
134,8,2016
136,4,2016
137,4,2017
138,10,2016
140,7,2016
141,11,2017
144,3,2012
145,11,2012
146,3,2012
147,4,2013
148,9,2012
149,9,2012
150,9,2012
151,9,2016
152,8,2018
153,8,2018
155,10,2017
156,9,2018
158,9,2018
160,8,2016
161,8,2016
162,9,2017
166,8,2017
167,8,2016
170,9,2012
171,7,2012
172,4,2013
175,8,2012
176,4,2013
177,9,2012
179,3,2012
181,3,2014
182,9,2012
183,9,2012
184,9,2012
185,6,2016
186,11,2016
187,9,2016
188,3,2017
190,8,2017
191,5,2016
192,10,2016
193,8,2016
194,8,2017
195,8,2016
197,8,2016
198,11,2016
199,8,2016
200,3,2013
201,8,2012
202,9,2012
203,4,2012
205,9,2012
206,7,2012
207,9,2012
208,8,2012
210,4,2012
211,10,2012
212,9,2012
213,7,2012
214,9,2012
215,9,2012
218,9,2016
219,9,2016
220,3,2017
221,10,2016
222,10,2016
225,11,2016
229,4,2017
230,8,2017
232,2,2017
233,10,2012
234,9,2012
236,4,2012
237,8,2012
238,9,2012
240,5,2012
241,4,2012
242,9,2012
243,7,2012
244,8,2012
245,9,2012
246,9,2012
247,4,2012
249,10,2013
250,7,2012
251,10,2012
252,9,2012
253,9,2012
254,7,2012
255,4,2013
257,8,2018
258,6,2016
259,11,2016
260,9,2016
261,9,2016
262,9,2016
263,8,2018
264,8,2018
265,2,2017
266,11,2017
269,8,2017
270,8,2016
271,3,2017
272,7,2016
273,12,2012
274,12,2012
276,8,2012
277,9,2012
278,8,2012
279,4,2012
280,8,2012
281,9,2012
283,4,2012
284,4,2012
285,11,2012
286,7,2012
287,4,2012
288,4,2012
289,10,2012
290,9,2012
291,7,2012
292,9,2012
293,5,2012
294,9,2012
295,8,2012
297,8,2012
300,9,2016
301,9,2016
304,4,2017
305,2,2017
306,10,2016
308,8,2016
309,4,2017
313,7,2013
316,8,2012
317,9,2012
318,3,2013
320,4,2012
322,7,2012
323,9,2012
324,5,2012
325,4,2012
326,9,2012
328,7,2012
329,7,2012
330,4,2012
331,8,2012
332,7,2012
333,8,2012
334,8,2012
335,9,2012
336,4,2012
338,9,2011
339,6,2011
341,10,2011
344,9,2016
345,10,2016
346,9,2018
347,10,2016
348,9,2017
349,11,2016
350,5,2016
351,11,2016
353,2,2017
354,2,2017
356,10,2012
357,8,2012
358,8,2012
361,8,2012
364,4,2012
365,4,2012
366,8,2012
368,4,2012
371,10,2012
372,4,2012
373,9,2012
374,3,2012
375,9,2012
377,4,2012
379,7,2012
380,10,2012
382,5,2012
383,10,2012
384,9,2011
385,8,2011
386,6,2011
387,6,2011
388,7,2011
390,10,2011
391,9,2011
393,9,2016
394,10,2016
395,10,2016
399,5,2016
400,8,2016
401,2,2017
402,4,2016
406,8,2012
408,10,2012
409,9,2012
410,9,2012
411,5,2012
412,9,2012
413,5,2012
414,9,2012
416,8,2012
417,9,2012
418,10,2012
419,7,2012
421,8,2012
422,7,2012
423,3,2012
426,11,2012
427,4,2012
428,9,2012
429,4,2013
430,5,2012
434,5,2011
435,9,2011
436,11,2011
437,8,2011
438,8,2011
439,12,2012
440,7,2011
441,6,2011
442,6,2011
443,5,2011
445,11,2011
446,5,2011
447,7,2011
449,6,2016
450,10,2016
455,2,2017
456,8,2016
458,4,2016
461,8,2012
462,9,2012
464,8,2012
469,7,2013
471,7,2012
473,8,2012
474,9,2012
476,12,2012
477,9,2012
478,8,2012
479,8,2012
480,9,2012
483,5,2012
486,10,2012
488,9,2011
489,8,2011
490,7,2011
493,7,2011
497,6,2011
499,5,2011
500,7,2011
501,10,2011
502,10,2011
504,5,2011
506,5,2011
507,10,2016
511,8,2016
512,8,2016
513,8,2016
514,8,2016
515,11,2016
517,11,2016
518,9,2012
519,10,2012
520,10,2012
521,7,2013
522,5,2012
523,8,2012
524,8,2012
526,8,2012
527,8,2012
532,9,2012
533,4,2013
534,1,2013
536,9,2012
539,9,2012
540,9,2012
541,8,2018
542,9,2012
543,9,2012
544,10,2012
546,7,2011
547,8,2011
548,6,2011
551,11,2011
553,8,2011
554,9,2011
561,7,2011
562,7,2011
564,9,2011
566,5,2011
567,9,2013
569,9,2013
573,5,2016
574,9,2016
576,10,2012
577,9,2012
578,3,2013
579,9,2012
580,4,2013
581,5,2012
582,8,2012
583,10,2012
584,8,2012
585,4,2013
587,5,2012
590,5,2012
596,8,2012
597,8,2012
600,8,2017
601,2,2017
602,4,2013
603,3,2017
604,10,2012
605,8,2011
606,9,2011
607,8,2012
608,7,2011
609,8,2011
611,6,2011
612,8,2012
614,6,2011
615,5,2011
617,7,2011
618,7,2011
619,10,2011
620,11,2011
622,11,2011
624,10,2011
625,5,2011
626,3,2011
629,4,2011
630,2,2012
631,3,2014
634,10,2012
635,8,2013
637,8,2012
638,5,2012
639,11,2012
641,11,2012
642,3,2013
645,5,2012
647,8,2012
649,9,2012
656,4,2013
658,8,2012
659,3,2017
660,8,2017
661,1,2017
662,3,2017
663,9,2017
664,9,2012
667,9,2011
668,9,2011
669,5,2011
670,10,2011
673,10,2011
677,7,2011
678,8,2011
680,5,2011
681,5,2012
683,11,2012
684,4,2011
685,4,2011
686,5,2011
689,5,2011
690,5,2011
691,4,2011
692,8,2011
695,10,2013
696,8,2012
697,8,2012
699,8,2012
702,8,2013
703,10,2012
705,5,2012
708,10,2012
709,4,2012
711,4,2012
717,8,2012
718,3,2017
720,8,2017
721,3,2017
722,9,2017
723,7,2018
724,9,2012
725,8,2017
726,6,2011
728,6,2011
731,8,2012
733,5,2011
734,6,2011
738,5,2011
742,3,2011
745,4,2011
750,8,2011
751,7,2011
752,4,2011
753,4,2011
756,3,2011
757,5,2011
758,9,2013
760,10,2012
761,3,2013
762,10,2012
763,8,2013
764,10,2013
769,4,2012
781,2,2017
782,8,2017
784,8,2017
786,11,2011
787,7,2011
789,6,2011
790,7,2011
796,5,2011
798,4,2011
799,10,2011
800,4,2011
801,4,2011
804,5,2011
805,10,2011
806,4,2011
808,8,2011
809,10,2011
811,3,2011
813,8,2012
814,5,2012
815,5,2011
816,4,2012
818,11,2012
819,8,2012
820,3,2013
822,10,2016
823,10,2016
824,10,2016
825,10,2017
826,2,2017
827,10,2016
828,5,2017
829,4,2017
833,5,2017
839,3,2017
840,3,2017
841,9,2017
847,7,2011
849,6,2011
853,6,2011
855,10,2011
857,6,2011
858,6,2012
859,7,2012
860,4,2011
861,8,2011
863,4,2011
864,10,2011
865,4,2011
866,3,2011
868,2,2011
869,3,2011
870,3,2012
874,3,2011
879,4,2013
880,10,2012
883,8,2016
884,8,2016
887,8,2017
889,8,2016
892,4,2017
896,10,2017
899,3,2017
900,3,2017
901,3,2017
902,3,2017
903,10,2017
905,7,2018
911,11,2011
915,10,2011
918,6,2012
922,4,2011
924,7,2011
938,4,2011
940,8,2016
942,8,2016
944,6,2017
945,10,2016
946,8,2016
947,9,2017
950,9,2016
954,9,2016
955,4,2017
956,10,2017
960,7,2018
962,2,2017
963,9,2017
964,11,2017
965,10,2011
966,10,2012
967,5,2012
968,6,2011
969,8,2011
970,8,2011
971,11,2011
972,10,2012
974,8,2012
975,4,2011
979,4,2011
981,4,2011
986,2,2011
988,3,2011
992,3,2011
993,3,2011
994,3,2011
995,3,2011
997,5,2011
999,3,2011
1001,9,2014
1002,9,2016
1003,2,2017
1005,11,2016
1007,8,2017
1009,6,2017
1010,10,2016
1014,11,2016
1015,5,2017
1016,10,2017
1022,1,2017
1023,1,2012
1024,11,2011
1025,9,2011
1030,7,2012
1033,5,2011
1037,3,2011
1055,8,2011
1059,2,2014
1060,4,2014
1061,9,2014
1062,9,2016
1063,8,2016
1064,2,2017
1065,8,2016
1066,8,2016
1067,8,2017
1068,5,2017
1069,11,2016
1070,10,2016
1071,9,2016
1072,9,2016
1073,12,2016
1074,9,2016
1075,10,2016
1076,11,2016
1078,2,2017
1080,2,2017
1081,5,2017
1082,9,2011
1086,10,2011
1090,8,2011
1091,10,2012
1092,9,2011
1096,3,2011
1101,2,2011
1102,4,2011
1106,2,2011
1113,4,2011
1115,2,2015
1118,4,2014
1119,9,2014
1121,4,2014
1122,4,2014
1123,9,2014
1125,2,2017
1127,8,2016
1128,9,2016
1129,9,2016
1133,11,2016
1140,5,2017
1141,2,2017
1142,11,2012
1143,3,2012
1145,8,2011
1147,7,2011
1150,7,2011
1151,11,2011
1155,8,2011
1157,3,2011
1158,4,2011
1160,4,2011
1162,4,2011
1163,2,2011
1167,10,2011
1169,3,2011
1171,3,2011
1173,5,2011
1174,12,2014
1175,10,2014
1176,8,2014
1177,2,2014
1178,9,2014
1180,3,2014
1181,8,2014
1182,4,2014
1183,4,2014
1185,9,2015
1186,11,2016
1187,11,2016
1188,10,2016
1189,10,2016
1190,9,2016
1198,10,2016
1199,1,2017
1200,9,2016
1201,1,2017
1202,1,2017
1203,2,2017
1204,11,2011
1205,3,2012
1207,12,2011
1209,11,2011
1210,6,2011
1211,9,2011
1212,7,2012
1218,3,2011
1221,7,2011
1222,5,2011
1224,8,2011
1225,2,2011
1226,3,2011
1231,2,2011
1236,9,2014
1237,9,2014
1238,4,2014
1239,3,2014
1240,6,2014
1241,2,2014
1242,3,2014
1243,2,2015
1244,3,2014
1245,9,2014
1246,9,2014
1247,9,2014
1248,11,2016
1249,10,2016
1252,10,2017
1254,11,2016
1255,9,2016
1256,10,2016
1257,9,2016
1258,2,2017
1259,2,2017
1260,2,2017
1263,10,2016
1264,8,2017
1265,1,2017
1266,1,2017
1267,3,2017
1268,11,2012
1272,10,2011
1273,11,2011
1275,10,2011
1277,10,2011
1284,5,2011
1285,4,2011
1286,4,2011
1287,10,2011
1288,7,2012
1290,8,2011
1291,5,2011
1293,5,2011
1296,2,2011
1297,2,2012
1298,3,2011
1299,3,2011
1300,7,2011
1304,9,2014
1305,9,2014
1307,4,2014
1308,4,2014
1310,8,2014
1317,11,2016
1318,4,2017
1319,8,2016
1323,10,2017
1325,8,2017
1327,3,2017
1329,8,2017
1331,3,2017
1333,3,2017
1334,4,2017
1335,11,2011
1336,11,2011
1337,11,2011
1338,11,2011
1340,10,2011
1342,10,2011
1344,8,2011
1345,5,2011
1348,5,2011
1349,4,2011
1351,11,2011
1354,8,2011
1358,6,2011
1363,10,2011
1369,5,2011
1371,4,2014
1372,10,2014
1375,2,2014
1377,3,2014
1378,8,2014
1379,8,2014
1380,4,2016
1382,8,2016
1387,10,2017
1389,12,2016
1392,6,2017
1398,8,2017
1400,11,2016
1401,4,2017
1402,8,2011
1406,3,2012
1408,11,2011
1412,8,2011
1414,4,2011
1415,10,2012
1416,10,2012
1418,4,2012
1419,6,2011
1428,6,2011
1430,8,2011
1431,4,2011
1433,5,2011
1434,9,2011
1438,3,2014
1441,11,2017
1443,4,2014
1444,4,2014
1447,1,2015
1448,10,2017
1450,2,2017
1451,10,2016
1452,5,2017
1453,4,2017
1457,11,2017
1464,3,2017
1466,11,2016
1467,7,2011
1468,12,2011
1471,8,2012
1472,3,2013
1474,10,2011
1477,10,2011
1478,12,2012
1480,10,2012
1484,10,2012
1486,10,2011
1488,8,2012
1490,9,2011
1493,10,2011
1495,4,2011
1496,8,2011
1497,4,2011
1503,3,2014
1504,2,2014
1505,4,2014
1507,10,2014
1508,4,2014
1517,3,2017
1520,12,2016
1521,3,2017
1522,11,2017
1524,12,2016
1527,5,2017
1529,10,2016
1530,5,2017
1531,7,2011
1537,12,2012
1540,12,2011
1543,2,2013
1545,10,2012
1546,10,2012
1547,10,2012
1551,8,2011
1555,8,2011
1557,9,2012
1559,4,2011
1561,5,2011
1563,10,2012
1565,2,2014
1566,9,2014
1567,5,2014
1572,12,2015
1574,10,2014
1575,11,2014
1576,5,2017
1577,9,2016
1578,9,2018
1582,6,2017
1583,12,2016
1586,10,2017
1588,12,2016
1593,3,2017
1596,2,2013
1597,11,2012
1598,4,2013
1599,11,2012
1600,2,2013
1601,9,2013
1602,2,2013
1606,7,2011
1607,8,2011
1608,8,2013
1609,9,2012
1612,8,2012
1613,8,2011
1615,7,2011
1618,8,2011
1619,6,2011
1620,8,2011
1622,8,2011
1627,10,2011
1629,4,2011
1630,2,2014
1633,2,2014
1635,3,2014
1636,3,2014
1638,2,2015
1643,3,2017
1647,10,2017
1648,10,2017
1649,10,2017
1651,5,2017
1654,11,2016
1656,4,2017
1658,11,2016
1661,2,2013
1662,7,2013
1663,8,2013
1664,11,2012
1665,2,2013
1666,8,2013
1667,11,2012
1668,8,2013
1671,8,2012
1672,9,2011
1673,9,2012
1676,10,2013
1677,10,2012
1678,11,2012
1683,8,2011
1687,5,2011
1688,8,2011
1689,3,2011
1690,2,2012
1694,5,2011
1697,2,2014
1698,9,2014
1699,12,2014
1700,9,2014
1702,4,2014
1703,3,2014
1705,4,2014
1707,2,2017
1711,10,2016
1716,10,2016
1722,11,2016
1723,2,2017
1725,2,2017
1726,3,2017
1727,3,2013
1731,1,2014
1732,7,2013
1733,3,2013
1734,11,2012
1735,2,2013
1737,11,2012
1738,7,2011
1741,2,2013
1742,11,2012
1743,11,2012
1744,9,2013
1746,7,2013
1747,7,2011
1752,8,2011
1753,9,2011
1757,8,2011
1758,4,2011
1759,5,2011
1761,9,2011
1764,2,2014
1765,5,2014
1766,2,2014
1767,4,2014
1769,12,2015
1770,7,2014
1771,8,2014
1772,10,2014
1773,6,2014
1775,10,2017
1777,9,2016
1780,11,2016
1781,3,2017
1789,10,2016
1790,10,2017
1791,5,2017
1795,12,2016
1797,2,2013
1798,2,2013
1799,2,2013
1800,9,2013
1801,8,2013
1802,11,2012
1803,8,2013
1805,9,2013
1806,10,2011
1807,9,2013
1808,2,2013
1810,7,2013
1811,11,2012
1812,2,2013
1815,11,2012
1818,5,2011
1819,8,2011
1821,3,2012
1822,9,2011
1824,8,2011
1825,8,2011
1826,3,2011
1828,4,2011
1831,3,2011
1832,2,2014
1833,3,2014
1834,3,2014
1835,3,2014
1837,7,2014
1842,7,2014
1847,11,2016
1850,9,2016
1854,12,2016
1864,2,2017
1865,2,2013
1866,5,2013
1868,2,2013
1869,2,2013
1870,3,2013
1872,8,2013
1874,8,2013
1876,9,2013
1877,11,2012
1878,9,2013
1881,11,2012
1882,11,2012
1886,9,2011
1887,7,2011
1888,8,2011
1889,6,2011
1890,4,2011
1891,8,2011
1893,11,2011
1894,5,2011
1895,5,2011
1896,6,2011
1897,11,2014
1899,7,2014
1900,10,2014
1901,11,2014
1902,11,2014
1903,8,2014
1904,11,2014
1905,9,2014
1907,7,2014
1908,8,2014
1909,12,2014
1912,7,2014
1914,9,2014
1916,8,2014
1917,3,2017
1918,2,2017
1923,9,2016
1924,9,2016
1926,3,2017
1927,9,2016
1930,12,2016
1931,10,2016
1933,11,2013
1934,9,2013
1936,2,2013
1937,2,2013
1938,4,2013
1941,12,2012
1942,9,2014
1943,10,2013
1944,11,2012
1945,4,2013
1946,11,2012
1947,7,2014
1948,11,2012
1949,3,2013
1951,2,2013
1952,9,2013
1955,2,2013
1957,4,2013
1962,8,2011
1967,3,2011
1969,7,2014
1970,10,2014
1971,8,2014
1972,12,2014
1973,8,2014
1974,9,2014
1975,1,2015
1976,8,2014
1978,8,2014
1980,10,2014
1982,10,2014
1983,1,2015
1984,8,2014
1986,4,2014
1988,8,2014
1990,8,2017
1992,1,2017
1993,2,2017
1994,10,2016
1997,8,2018
2001,2,2017
2004,4,2013
2005,10,2015
2006,9,2013
2007,7,2013
2008,2,2013
2009,2,2013
2010,10,2013
2011,9,2013
2012,2,2013
2013,4,2013
2014,2,2013
2015,4,2013
2016,2,2013
2017,2,2013
2018,7,2013
2020,8,2013
2022,11,2012
2023,2,2013
2026,3,2013
2027,10,2012
2030,11,2012
2031,10,2012
2032,10,2012
2034,9,2011
2037,4,2011
2046,9,2014
2047,9,2014
2048,8,2014
2049,11,2014
2050,10,2014
2051,8,2014
2052,2,2015
2053,1,2015
2054,5,2014
2055,12,2014
2056,11,2015
2060,8,2014
2062,9,2014
2063,9,2014
2064,6,2014
2065,5,2015
2066,10,2017
2071,2,2017
2072,10,2016
2075,12,2016
2077,11,2016
2078,3,2017
2079,4,2013
2080,4,2013
2081,10,2015
2082,3,2013
2083,3,2013
2084,3,2013
2085,2,2013
2086,5,2013
2087,11,2013
2092,8,2013
2093,9,2013
2094,11,2012
2095,8,2013
2096,8,2013
2097,9,2013
2098,3,2013
2099,11,2012
2100,2,2013
2101,10,2012
2107,10,2012
2110,10,2011
2111,8,2011
2112,9,2012
2113,8,2011
2114,6,2011
2120,5,2014
2122,9,2014
2123,9,2014
2124,2,2015
2125,10,2014
2126,8,2014
2127,9,2014
2128,8,2014
2129,11,2014
2130,7,2016
2131,8,2014
2134,5,2014
2136,4,2014
2138,1,2015
2139,12,2014
2142,1,2017
2144,1,2017
2146,11,2016
2148,10,2016
2152,12,2016
2153,12,2016
2155,11,2014
2157,7,2013
2158,6,2014
2159,9,2013
2164,2,2013
2165,3,2013
2166,2,2013
2169,3,2013
2170,3,2013
2171,3,2013
2172,10,2012
2173,4,2013
2174,10,2012
2175,10,2012
2179,9,2012
2181,9,2012
2182,7,2011
2185,8,2011
2186,3,2012
2188,4,2011
2193,7,2014
2199,10,2014
2201,10,2014
2202,8,2014
2203,12,2014
2204,11,2015
2205,11,2014
2206,12,2014
2210,12,2014
2211,8,2014
2212,8,2014
2214,11,2016
2215,10,2017
2217,2,2017
2219,4,2017
2220,2,2017
2222,10,2017
2223,8,2018
2224,12,2016
2229,2,2013
2230,11,2013
2233,11,2014
2234,4,2013
2235,4,2013
2238,3,2013
2241,3,2013
2242,3,2013
2244,3,2013
2245,3,2013
2246,8,2013
2247,10,2012
2250,10,2012
2251,8,2013
2252,10,2012
2253,9,2012
2254,4,2013
2259,3,2011
2260,9,2011
2262,3,2011
2273,2,2015
2274,9,2014
2275,8,2014
2276,5,2016
2277,11,2015
2282,9,2014
2284,8,2016
2285,9,2016
2287,8,2017
2289,10,2016
2290,11,2016
2291,10,2016
2300,11,2016
2301,12,2016
2302,11,2013
2303,4,2013
2304,3,2013
2306,3,2013
2311,4,2013
2318,3,2013
2319,8,2013
2320,8,2013
2321,4,2013
2322,11,2012
2324,10,2012
2327,9,2012
2330,10,2012
2338,9,2015
2340,7,2015
2347,4,2015
2348,8,2014
2349,10,2014
2350,11,2014
2351,2,2015
2353,10,2015
2354,11,2016
2355,9,2016
2357,11,2017
2358,9,2016
2359,7,2017
2360,9,2016
2361,9,2017
2362,9,2017
2363,10,2016
2369,9,2016
2370,9,2017
2378,7,2013
2379,11,2013
2380,1,2014
2381,9,2014
2387,9,2013
2388,5,2013
2389,3,2013
2390,2,2013
2393,3,2013
2394,3,2013
2397,4,2013
2402,10,2012
2403,8,2013
2404,9,2012
2405,10,2012
2406,10,2012
2407,10,2012
2408,8,2011
2409,11,2011
2410,8,2011
2411,4,2011
2414,7,2015
2417,7,2015
2418,1,2015
2422,7,2014
2423,9,2014
2424,9,2014
2425,8,2015
2427,8,2015
2430,8,2016
2431,9,2016
2432,11,2016
2433,9,2016
2435,9,2017
2436,7,2017
2438,1,2017
2439,1,2017
2440,1,2017
2441,1,2017
2442,10,2016
2443,3,2017
2444,11,2017
2452,9,2017
2455,3,2013
2456,9,2013
2458,9,2013
2460,8,2013
2463,4,2013
2465,9,2013
2468,11,2013
2475,10,2012
2479,4,2014
2481,10,2012
2482,10,2012
2485,8,2011
2486,3,2011
2487,10,2015
2488,6,2015
2489,8,2015
2491,1,2015
2492,12,2014
2493,4,2015
2495,12,2014
2497,9,2014
2498,9,2015
2499,8,2014
2500,10,2014
2501,9,2015
2502,8,2014
2503,2,2015
2504,9,2015
2505,4,2016
2507,8,2016
2508,11,2017
2509,9,2017
2510,3,2017
2512,8,2017
2513,10,2016
2514,10,2016
2515,11,2017
2516,11,2017
2517,3,2017
2518,3,2017
2519,3,2017
2520,3,2017
2524,9,2017
2525,11,2016
2528,4,2017
2530,12,2016
2531,11,2013
2532,5,2013
2533,9,2013
2535,2,2013
2537,11,2013
2541,9,2013
2542,9,2013
2547,3,2013
2548,3,2013
2552,7,2012
2553,8,2012
2554,10,2012
2557,4,2013
2558,10,2012
2560,3,2011
2564,1,2016
2567,11,2015
2569,4,2015
2570,9,2015
2572,2,2015
2573,7,2015
2574,5,2015
2575,8,2015
2577,10,2014
2578,10,2014
2579,11,2014
2580,10,2015
2582,11,2014
2583,10,2017
2588,10,2016
2590,9,2016
2591,10,2017
2592,3,2017
2593,4,2017
2595,3,2017
2596,3,2018
2598,9,2016
2601,9,2017
2602,11,2016
2603,11,2016
2604,10,2016
2609,8,2013
2610,3,2013
2615,8,2013
2616,8,2013
2623,3,2013
2628,11,2012
2632,11,2012
2633,11,2012
2634,11,2012
2635,8,2012
2636,11,2012
2638,11,2012
2643,10,2015
2644,8,2015
2646,3,2015
2647,2,2015
2648,8,2015
2649,8,2015
2650,4,2015
2651,5,2016
2652,4,2016
2654,8,2015
2655,9,2014
2656,2,2015
2657,9,2015
2659,9,2015
2660,11,2014
2661,11,2017
2663,11,2016
2664,3,2017
2665,11,2016
2666,8,2016
2667,11,2017
2668,2,2018
2669,8,2017
2670,4,2017
2671,4,2017
2672,4,2017
2673,2,2018
2674,3,2018
2677,8,2017
2679,9,2016
2681,9,2017
2682,9,2017
2683,5,2017
2684,9,2017
2687,4,2013
2690,11,2013
2691,8,2013
2697,3,2013
2698,4,2013
2700,11,2013
2702,12,2012
2704,3,2013
2708,11,2012
2712,5,2013
2716,11,2012
2717,11,2012
2718,11,2012
2719,11,2012
2721,9,2015
2724,9,2015
2725,3,2016
2726,3,2015
2727,3,2015
2728,2,2015
2729,2,2015
2730,8,2015
2731,4,2016
2732,5,2016
2733,11,2014
2734,8,2014
2738,10,2014
2739,9,2016
2741,10,2017
2742,4,2017
2744,1,2017
2745,10,2017
2746,8,2017
2747,2,2017
2749,4,2017
2751,7,2018
2753,9,2017
2755,8,2017
2760,11,2016
2761,5,2017
2762,11,2016
2764,3,2014
2765,11,2013
2766,3,2014
2767,3,2013
2770,11,2013
2773,8,2013
2776,4,2013
2777,3,2013
2779,3,2013
2781,12,2012
2787,5,2013
2788,11,2012
2790,11,2012
2791,8,2012
2792,11,2012
2793,8,2012
2794,11,2012
2795,11,2012
2798,4,2014
2799,11,2012
2803,3,2016
2804,10,2015
2805,8,2016
2806,8,2015
2807,3,2015
2808,3,2015
2809,3,2015
2810,3,2015
2811,2,2015
2812,11,2014
2813,8,2014
2814,9,2014
2815,10,2014
2816,10,2014
2817,5,2015
2818,10,2014
2822,8,2017
2823,4,2017
2825,11,2017
2826,4,2017
2827,4,2017
2828,5,2017
2829,7,2017
2830,4,2017
2833,11,2016
2839,5,2017
2840,9,2017
2841,9,2016
2844,11,2013
2845,4,2013
2847,3,2013
2848,11,2013
2849,3,2013
2850,8,2013
2851,3,2013
2855,4,2013
2857,4,2013
2860,12,2012
2869,11,2012
2873,11,2012
2874,10,2012
2875,10,2012
2880,9,2015
2881,7,2015
2883,3,2016
2884,4,2015
2885,8,2015
2886,11,2015
2887,4,2015
2888,11,2015
2889,9,2015
2890,3,2015
2891,8,2016
2892,5,2015
2893,3,2015
2894,11,2014
2895,9,2015
2897,9,2015
2898,11,2014
2899,4,2016
2900,7,2015
2901,11,2016
2902,8,2017
2904,3,2017
2905,8,2017
2906,2,2018
2907,7,2017
2908,4,2017
2909,4,2017
2910,4,2017
2912,7,2017
2914,3,2018
2915,8,2017
2919,4,2013
2920,3,2013
2921,3,2013
2922,3,2013
2929,4,2013
2931,3,2013
2932,9,2013
2936,11,2012
2939,11,2012
2942,11,2012
2945,11,2012
2946,9,2012
2947,10,2012
2948,10,2012
2950,11,2012
2956,10,2015
2957,3,2016
2958,4,2015
2959,9,2017
2960,9,2015
2961,11,2015
2962,2,2016
2963,4,2015
2965,3,2015
2966,4,2015
2967,9,2015
2969,12,2015
2971,4,2015
2972,11,2014
2973,8,2016
2974,8,2016
2976,9,2017
2977,5,2017
2978,8,2017
2979,3,2017
2980,3,2017
2981,5,2017
2982,3,2017
2986,9,2017
2987,5,2017
2988,3,2018
2992,9,2016
2994,4,2014
2996,4,2013
2998,8,2013
2999,4,2013
3000,8,2013
3005,7,2014
3007,3,2013
3008,9,2011
3013,11,2012
3014,3,2013
3016,11,2012
3018,6,2014
3019,11,2012
3022,11,2013
3023,11,2012
3029,9,2015
3030,3,2016
3033,8,2015
3034,9,2015
3035,12,2015
3036,9,2015
3037,8,2015
3038,9,2015
3039,3,2015
3040,9,2015
3043,9,2015
3045,5,2015
3047,8,2015
3048,9,2015
3050,8,2017
3051,9,2017
3052,5,2017
3053,4,2017
3055,8,2017
3056,3,2017
3058,3,2017
3059,3,2018
3060,8,2017
3062,5,2017
3066,4,2013
3067,3,2013
3068,3,2013
3069,3,2013
3070,4,2013
3071,8,2013
3074,6,2014
3076,9,2013
3090,9,2012
3091,9,2012
3092,8,2013
3093,9,2014
3094,7,2014
3096,4,2013
3097,4,2013
3098,4,2013
3099,9,2012
3100,8,2015
3101,12,2015
3102,10,2015
3106,1,2016
3107,6,2015
3110,5,2015
3112,10,2015
3113,12,2015
3116,9,2015
3117,5,2015
3118,3,2016
3119,5,2015
3120,9,2015
3121,3,2017
3126,9,2017
3129,7,2018
3131,3,2018
3133,5,2017
3134,4,2014
3138,12,2013
3139,4,2013
3140,8,2013
3143,12,2013
3145,4,2014
3154,3,2013
3155,7,2012
3158,9,2012
3161,7,2012
3162,9,2012
3163,11,2012
3164,11,2012
3165,9,2012
3166,8,2013
3167,11,2012
3169,9,2015
3170,3,2016
3171,10,2015
3175,8,2015
3176,12,2015
3177,10,2015
3179,11,2015
3180,11,2015
3181,7,2015
3182,11,2015
3184,11,2015
3185,5,2015
3186,10,2015
3187,3,2016
3188,3,2018
3189,8,2017
3193,5,2017
3197,3,2018
3198,3,2018
3200,4,2014
3203,8,2013
3204,7,2014
3205,9,2013
3206,3,2013
3207,4,2013
3209,8,2013
3210,8,2013
3217,8,2011
3218,7,2012
3221,7,2014
3223,8,2013
3224,11,2012
3228,8,2012
3230,11,2012
3232,11,2012
3235,5,2015
3238,10,2015
3242,6,2015
3244,9,2015
3245,4,2015
3248,8,2016
3251,9,2015
3252,12,2015
3254,4,2016
3255,11,2016
3256,3,2017
3257,4,2017
3258,5,2017
3260,9,2017
3263,4,2017
3269,7,2014
3271,9,2013
3272,8,2013
3275,2,2012
3276,3,2012
3280,3,2012
3282,9,2013
3285,10,2012
3286,10,2012
3288,7,2012
3289,11,2012
3290,4,2013
3291,9,2012
3292,9,2012
3293,8,2012
3294,5,2014
3296,4,2013
3301,8,2016
3307,6,2015
3309,9,2015
3310,9,2015
3311,8,2015
3313,5,2015
3314,5,2015
3316,8,2015
3317,2,2018
3318,2,2018
3319,5,2017
3320,7,2018
3325,9,2017
3327,5,2017
3329,3,2014
3330,3,2014
3332,3,2014
3335,7,2012
3337,3,2012
3338,2,2012
3340,2,2012
3343,9,2011
3346,7,2012
3347,10,2012
3351,8,2012
3353,7,2012
3355,5,2014
3357,9,2012
3360,9,2013
3363,8,2015
3364,12,2015
3365,5,2015
3367,5,2015
3370,4,2015
3374,5,2015
3382,5,2017
3386,5,2017
3387,9,2017
3388,9,2017
3400,10,2012
3402,8,2011
3404,9,2012
3406,9,2013
3407,9,2012
3410,10,2012
3411,8,2012
3414,11,2013
3415,3,2014
3416,11,2012
3418,8,2012
3419,8,2012
3425,8,2015
3428,10,2015
3433,6,2014
3435,11,2015
3438,3,2017
3439,9,2017
3440,9,2017
3448,9,2011
3455,3,2012
3459,4,2012
3462,8,2012
3463,3,2013
3465,10,2012
3468,9,2012
3469,12,2012
3470,12,2012
3471,9,2012
3472,12,2012
3473,7,2012
3474,7,2012
3475,8,2012
3476,4,2013
3478,7,2012
3479,4,2014
3482,3,2014
3483,4,2014
3486,8,2016
3487,11,2015
3489,9,2017
3492,6,2014
3494,9,2015
3496,9,2015
3498,3,2017
3499,5,2017
3500,11,2016
3502,4,2012
3503,4,2012
3504,4,2012
3507,10,2011
3511,8,2011
3512,11,2011
3514,9,2011
3518,9,2012
3520,8,2012
3525,10,2012
3526,10,2012
3529,9,2012
3531,4,2013
3532,7,2012
3537,4,2014
3538,3,2014
3539,3,2014
3542,3,2015
3544,4,2014
3545,11,2015
3546,10,2014
3549,5,2014
3551,5,2014
3552,7,2014
3553,8,2014
3559,10,2011
3562,9,2011
3563,4,2012
3564,8,2011
3565,9,2011
3570,12,2011
3574,9,2012
3575,9,2012
3579,9,2012
3580,10,2012
3581,8,2013
3586,8,2012
3588,3,2014
3589,2,2014
3591,2,2014
3593,2,2014
3594,2,2014
3596,3,2016
3599,3,2015
3602,8,2014
3606,6,2014
3607,9,2014
3609,9,2017
3610,9,2011
3612,9,2011
3615,9,2011
3617,8,2011
3622,8,2011
3624,10,2011
3625,9,2012
3627,9,2013
3632,9,2012
3634,8,2012
3635,10,2012
3636,8,2012
3646,3,2014
3647,2,2014
3649,8,2014
3651,5,2014
3652,10,2014
3654,8,2014
3658,7,2014
3659,8,2014
3660,8,2014
3663,9,2014
3664,10,2011
3666,9,2011
3671,9,2011
3673,9,2011
3676,8,2011
3685,12,2012
3686,12,2012
3688,9,2012
3689,10,2012
3691,10,2012
3696,5,2014
3697,2,2014
3698,8,2014
3699,2,2014
3700,3,2014
3702,2,2014
3704,4,2014
3705,3,2014
3706,3,2014
3707,4,2014
3708,6,2014
3709,9,2014
3710,10,2014
3711,5,2014
3712,8,2014
3714,7,2014
3718,6,2014
3722,11,2011
3723,9,2011
3724,10,2011
3726,10,2012
3727,4,2012
3728,8,2011
3729,9,2011
3737,8,2012
3739,8,2012
3748,1,2014
3751,3,2014
3752,9,2014
3753,4,2014
3754,3,2014
3756,3,2014
3760,3,2014
3761,9,2014
3763,5,2014
3766,9,2014
3767,5,2014
3771,5,2014
3773,8,2014
3774,2,2012
3776,3,2012
3784,8,2011
3785,10,2011
3790,2,2012
3792,3,2012
3793,12,2012
3795,5,2014
3801,8,2014
3805,7,2014
3806,2,2014
3808,8,2014
3809,3,2014
3810,3,2013
3811,3,2014
3812,11,2014
3813,4,2014
3816,3,2014
3819,11,2014
3820,8,2014
3822,11,2014
3826,4,2015
3828,7,2014
3831,9,2011
3832,3,2012
3834,3,2012
3835,9,2011
3836,4,2012
3840,7,2012
3842,9,2011
3843,8,2012
3845,10,2011
3848,8,2012
3854,1,2014
3855,1,2014
3860,3,2014
3861,1,2014
3863,2,2014
3864,6,2014
3865,3,2014
3866,7,2014
3869,9,2014
3870,4,2014
3873,8,2014
3874,8,2014
3876,5,2014
3880,9,2014
3885,11,2014
3892,8,2011
3893,4,2012
3896,3,2012
3898,9,2011
3899,9,2011
3900,9,2011
3901,11,2011
3902,3,2012
3905,7,2012
3906,2,2013
3907,10,2012
3908,8,2012
3909,1,2014
3914,2,2014
3915,1,2014
3916,1,2014
3918,12,2013
3919,8,2013
3921,11,2014
3924,9,2014
3925,9,2014
3927,3,2014
3931,9,2014
3932,9,2014
3933,3,2014
3934,8,2014
3935,7,2014
3936,3,2014
3937,9,2014
3938,5,2014
3939,8,2012
3940,9,2011
3941,10,2011
3946,4,2012
3947,3,2012
3948,10,2011
3950,3,2012
3952,9,2012
3953,11,2011
3954,10,2011
3958,7,2013
3959,8,2012
3961,10,2012
3963,1,2014
3965,6,2015
3966,6,2015
3968,1,2014
3970,4,2014
3972,9,2013
3974,11,2013
3975,9,2014
3978,10,2013
3979,4,2014
3984,12,2014
3985,3,2014
3986,8,2014
3987,5,2014
3988,9,2014
3990,3,2014
3998,10,2011
4002,3,2012
4003,9,2011
4006,11,2011
4008,10,2011
4009,8,2012
4010,7,2012
4011,9,2012
4013,4,2013
4015,10,2012
4018,2,2014
4019,11,2015
4020,10,2015
4021,8,2016
4023,12,2013
4025,8,2013
4026,9,2013
4027,8,2013
4034,3,2014
4036,9,2014
4039,5,2014
4047,9,2011
4048,9,2011
4053,12,2011
4062,9,2012
4064,11,2011
4067,7,2012
4068,7,2012
4069,6,2012
4071,5,2014
4073,1,2014
4074,8,2016
4078,10,2015
4079,12,2013
4080,2,2014
4084,11,2013
4086,2,2014
4089,7,2013
4090,4,2014
4091,3,2014
4093,9,2014
4094,9,2014
4095,3,2014
4099,3,2014
4102,3,2014
4103,11,2011
4104,10,2011
4105,3,2012
4107,11,2011
4110,3,2012
4111,10,2012
4114,9,2011
4120,11,2011
4123,8,2012
4131,5,2015
4133,7,2015
4134,5,2015
4135,11,2014
4137,11,2013
4138,4,2014
4140,2,2014
4144,8,2013
4147,10,2014
4148,9,2014
4149,11,2013
4150,8,2014
4153,8,2014
4155,7,2014
4156,11,2014
4159,9,2014
4163,3,2012
4165,4,2012
4168,3,2012
4174,11,2011
4180,5,2015
4186,8,2016
4187,8,2016
4189,9,2015
4191,9,2015
4192,11,2013
4193,8,2013
4194,6,2013
4199,10,2013
4201,8,2014
4204,12,2014
4206,6,2014
4207,11,2013
4208,11,2014
4210,7,2014
4211,8,2014
4212,1,2015
4214,12,2013
4215,11,2011
4217,11,2011
4219,2,2012
4224,10,2011
4229,11,2011
4233,9,2015
4235,1,2015
4236,9,2015
4238,3,2016
4239,5,2015
4240,9,2015
4241,11,2016
4242,5,2015
4243,4,2015
4246,4,2016
4248,9,2013
4249,7,2013
4250,6,2013
4251,10,2013
4252,10,2013
4254,10,2013
4258,9,2014
4259,11,2013
4263,1,2015
4266,6,2014
4267,7,2014
4268,3,2014
4269,12,2013
4270,3,2014
4271,2,2012
4272,3,2012
4277,2,2012
4278,3,2012
4287,4,2015
4290,11,2014
4291,3,2016
4294,5,2016
4295,3,2016
4297,8,2015
4298,11,2015
4300,11,2016
4301,4,2016
4302,8,2013
4304,10,2013
4305,7,2013
4308,7,2013
4311,9,2015
4314,3,2015
4327,7,2014
4328,11,2013
4332,5,2012
4333,9,2012
4334,10,2011
4336,3,2012
4338,4,2012
4344,3,2012
4345,11,2014
4346,1,2015
4348,11,2014
4351,3,2016
4352,9,2016
4353,2,2016
4357,8,2015
4358,4,2016
4360,10,2013
4362,6,2013
4363,7,2013
4365,8,2013
4367,11,2014
4371,8,2014
4373,8,2014
4377,8,2014
4378,7,2014
4382,3,2014
4383,11,2013
4385,11,2013
4387,5,2012
4389,4,2012
4390,4,2012
4395,9,2012
4396,11,2011
4398,4,2015
4400,8,2015
4401,8,2017
4402,3,2016
4403,2,2016
4405,2,2016
4407,2,2016
4408,8,2016
4409,2,2016
4411,8,2016
4412,5,2017
4413,12,2015
4415,9,2013
4417,6,2013
4418,7,2013
4419,9,2013
4425,11,2014
4427,12,2014
4428,4,2015
4429,4,2015
4430,9,2014
4433,6,2014
4436,3,2014
4437,3,2014
4439,11,2014
4446,11,2011
4447,2,2012
4448,3,2012
4451,2,2015
4452,3,2015
4453,11,2014
4456,2,2016
4461,4,2016
4462,5,2016
4466,7,2013
4471,10,2014
4474,10,2014
4475,7,2013
4476,11,2013
4477,11,2013
4479,11,2013
4483,9,2013
4484,10,2013
4488,11,2014
4498,4,2015
4501,11,2015
4505,8,2015
4506,4,2016
4507,8,2015
4513,5,2016
4514,10,2015
4517,7,2013
4518,10,2013
4519,7,2015
4520,11,2014
4521,3,2015
4522,7,2013
4523,4,2014
4524,8,2013
4527,9,2013
4528,9,2013
4531,11,2013
4533,11,2013
4539,12,2013
4540,5,2014
4543,5,2014
4547,3,2016
4550,5,2015
4551,7,2015
4552,8,2015
4553,4,2016
4554,10,2018
4559,4,2016
4560,12,2015
4561,9,2016
4562,9,2016
4564,3,2014
4565,9,2013
4566,10,2014
4568,9,2013
4569,9,2014
4574,8,2013
4578,10,2013
4579,11,2013
4580,9,2013
4582,9,2014
4583,3,2015
4585,11,2014
4588,1,2014
4593,8,2015
4599,11,2015
4600,8,2015
4601,3,2015
4603,7,2015
4604,8,2016
4610,10,2015
4611,10,2015
4612,6,2016
4613,10,2015
4614,10,2013
4615,11,2013
4616,8,2013
4617,10,2013
4618,11,2014
4619,9,2014
4620,8,2013
4625,9,2013
4626,9,2013
4627,10,2013
4628,11,2013
4630,10,2013
4631,10,2013
4632,9,2014
4633,9,2014
4634,9,2015
4636,9,2015
4637,11,2014
4638,6,2014
4639,12,2013
4641,1,2014
4645,1,2015
4651,11,2015
4653,3,2015
4655,8,2016
4656,5,2017
4657,9,2016
4661,2,2016
4662,6,2016
4664,5,2016
4666,8,2013
4667,10,2013
4668,8,2013
4669,7,2013
4672,12,2013
4673,8,2013
4674,10,2013
4675,10,2013
4676,10,2013
4677,11,2013
4683,10,2014
4684,10,2014
4685,9,2014
4686,2,2015
4687,9,2014
4690,11,2014
4691,11,2014
4693,1,2014
4694,5,2014
4695,4,2014
4698,3,2015
4704,9,2015
4706,3,2015
4709,3,2015
4710,3,2015
4712,6,2016
4713,10,2015
4717,2,2016
4720,9,2013
4724,9,2013
4725,10,2013
4729,11,2013
4730,10,2013
4733,3,2014
4734,4,2015
4739,9,2014
4740,10,2014
4741,5,2015
4743,10,2014
4745,9,2015
4746,12,2013
4750,4,2014
4752,12,2015
4756,4,2015
4757,11,2015
4759,8,2016
4760,5,2015
4764,6,2015
4765,9,2015
4766,10,2015
4770,10,2015
4773,10,2015
4776,8,2013
4777,9,2013
4779,10,2013
4781,10,2013
4782,10,2013
4783,11,2014
4786,11,2013
4787,10,2013
4788,7,2013
4789,11,2013
4790,2,2014
4792,2,2014
4793,9,2014
4794,10,2014
4795,8,2014
4798,11,2013
4800,12,2013
4801,12,2013
4802,12,2013
4803,12,2013
4804,4,2014
4807,11,2014
4824,3,2015
4825,9,2015
4826,6,2016
4828,10,2013
4829,8,2013
4830,11,2013
4831,10,2013
4832,9,2013
4833,11,2013
4834,9,2013
4835,9,2014
4836,1,2014
4839,10,2014
4841,12,2013
4842,10,2013
4843,3,2014
4844,4,2014
4846,9,2014
4848,10,2014
4849,9,2015
4850,11,2013
4851,11,2013
4854,11,2013
4855,11,2013
4858,4,2014
4859,9,2015
4860,11,2014
4863,12,2015
4868,9,2015
4869,9,2015
4871,10,2015
4873,5,2015
4876,9,2015
4877,5,2015
4880,6,2015
4883,10,2013
4884,10,2013
4886,12,2013
4887,3,2014
4889,11,2013
4890,10,2013
4891,10,2013
4892,11,2014
4894,7,2013
4895,8,2013
4896,10,2013
4897,11,2014
4898,3,2014
4899,9,2014
4900,8,2014
4901,3,2014
4902,9,2014
4904,8,2014
4907,5,2015
4909,11,2013
4910,11,2013
4912,9,2015
4918,8,2016
4920,9,2015
4922,8,2016
4925,11,2015
4928,9,2015
4929,6,2015
4930,4,2015
4931,3,2015
4932,3,2015
4933,5,2015
4934,10,2013
4935,11,2013
4937,2,2014
4942,10,2013
4943,10,2013
4945,9,2014
4946,9,2013
4947,9,2013
4948,9,2013
4949,12,2013
4951,9,2013
4952,9,2013
4953,2,2014
4954,2,2014
4955,3,2014
4957,12,2014
4958,10,2014
4960,4,2015
4961,12,2014
4962,11,2013
4963,11,2013
4964,3,2015
4965,11,2014
4966,1,2015
4969,10,2018
4973,9,2015
4975,11,2015
4976,9,2015
4977,3,2016
4978,11,2015
4979,11,2015
4981,11,2015
4982,11,2015
4983,4,2015
4987,10,2013
4988,10,2013
4990,9,2013
4991,9,2013
4992,10,2013
4993,8,2013
4995,10,2013
4996,9,2013
4997,10,2013
4998,8,2013
5002,10,2014
5003,3,2014
5004,9,2013
5005,3,2014
5007,10,2013
5008,9,2013
5010,10,2014
5011,10,2014
5012,4,2015
5013,9,2014
5014,11,2013
5015,11,2013
5022,9,2015
5023,10,2015
5024,10,2015
5026,10,2015
5030,3,2016
5031,3,2016
5033,4,2015
5038,9,2015
5040,10,2013
5042,10,2013
5043,9,2013
5046,10,2013
5047,8,2013
5048,8,2013
5049,8,2013
5051,8,2013
5054,8,2014
5055,2,2015
5056,3,2014
5057,8,2014
5059,9,2013
5060,10,2013
5061,12,2014
5065,8,2014
5066,12,2014
5067,9,2015
5070,7,2015
5071,6,2015
5072,7,2015
5073,9,2015
5074,9,2015
5076,11,2015
5080,4,2015
5081,10,2015
5084,9,2015
5088,10,2013
5090,8,2013
5091,10,2013
5096,11,2013
5097,11,2013
5098,8,2013
5102,8,2013
5103,8,2014
5104,7,2013
5108,8,2014
5109,10,2013
5110,11,2013
5111,9,2014
5114,11,2013
5115,12,2014
5116,3,2016
5117,3,2015
5121,8,2015
5122,8,2015
5123,8,2016
5124,10,2015
5128,10,2015
5130,10,2015
5131,8,2015
5132,11,2015
5133,8,2015
5134,2,2015
5135,8,2015
5136,11,2015
5137,5,2015
5138,8,2013
5139,10,2014
5140,10,2013
5141,10,2013
5144,10,2013
5145,11,2013
5146,11,2013
5148,8,2013
5150,11,2013
5152,8,2013
5153,8,2013
5154,8,2013
5155,12,2013
5157,10,2014
5159,5,2015
5162,11,2013
5163,12,2014
5164,3,2015
5165,8,2016
5166,6,2015
5168,8,2015
5176,6,2015
5178,8,2015
5180,10,2015
5181,3,2015
5182,5,2015
5183,4,2015
5184,5,2015
5186,4,2013
5187,4,2013
5189,7,2013
5191,11,2014
5192,11,2013
5193,11,2014
5203,9,2013
5204,12,2013
5207,10,2013
5208,9,2013
5209,5,2013
5211,7,2015
5214,8,2016
5216,10,2015
5218,6,2015
5219,7,2015
5223,6,2015
5227,8,2015
5228,11,2015
5229,4,2015
5230,10,2015
5231,4,2015
5233,3,2015
5236,10,2013
5237,5,2014
5238,11,2013
5239,8,2013
5240,11,2014
5241,11,2013
5251,7,2013
5252,7,2013
5254,6,2013
5255,9,2013
5256,9,2013
5257,10,2013
5259,10,2013
5260,4,2016
5261,5,2015
5262,10,2018
5265,11,2015
5267,10,2015
5271,6,2015
5274,8,2015
5277,8,2015
5278,4,2016
5279,7,2015
5280,4,2015
5281,5,2016
5282,7,2015
5283,8,2013
5284,11,2013
5285,7,2013
5286,8,2013
5288,10,2014
5290,11,2013
5300,7,2013
5304,7,2013
5308,6,2013
5311,3,2016
5315,6,2015
5317,6,2015
5318,6,2015
5319,9,2015
5321,9,2015
5323,9,2015
5324,3,2015
5327,11,2015
5328,10,2018
5329,7,2015
5331,6,2015
5334,7,2013
5335,4,2014
5336,8,2013
5337,8,2013
5338,4,2013
5339,10,2013
5343,11,2013
5344,7,2013
5347,7,2013
5348,4,2015
5349,8,2014
5350,8,2013
5351,5,2013
5352,5,2013
5353,6,2013
5354,10,2013
5358,10,2013
5359,5,2013
5360,10,2013
5361,3,2015
5363,4,2016
5364,5,2015
5366,6,2015
5370,11,2015
5371,10,2015
5372,5,2015
5374,3,2015
5375,4,2015
5378,12,2015
5379,11,2015
5380,12,2015
5382,7,2015
5383,6,2015
5385,5,2014
5386,7,2013
5388,5,2014
5389,9,2013
5390,9,2013
5391,9,2013
5392,10,2014
5394,7,2014
5399,7,2014
5400,8,2013
5401,6,2014
5402,5,2013
5405,10,2013
5406,6,2013
5407,10,2013
5411,10,2013
5412,9,2015
5415,6,2015
5420,11,2015
5422,3,2015
5424,10,2015
5426,4,2015
5427,5,2016
5431,6,2015
5432,7,2015
5435,4,2013
5438,4,2014
5439,5,2014
5441,4,2013
5444,7,2014
5445,7,2014
5446,8,2013
5447,7,2014
5450,7,2014
5451,10,2013
5462,9,2015
5463,3,2015
5468,4,2015
5469,4,2015
5471,6,2015
5475,4,2015
5477,5,2015
5480,6,2015
5482,4,2014
5483,11,2013
5484,7,2013
5493,7,2014
5497,8,2013
5498,7,2014
5506,3,2015
5507,7,2015
5509,6,2015
5517,4,2013
5518,4,2013
5520,4,2013
5524,7,2014
5539,10,2013
5543,11,2013
5555,7,2013
5556,8,2013
6000,11,2011
6001,4,2012
6002,11,2011
6004,5,2012
6005,2,2012
6006,5,2012
6007,11,2012
6008,11,2011
6009,4,2012
6010,4,2012
6011,4,2012
6012,11,2011
6013,2,2012
6014,8,2012
6015,11,2011
6016,4,2012
6017,2,2012
6018,5,2012
6019,5,2012
6020,11,2011
6021,11,2012
6023,11,2011
6024,11,2011
6025,11,2011
6026,4,2012
6027,11,2011
6028,1,2012
6029,1,2012
6030,10,2011
6031,10,2011
6032,8,2012
6033,3,2012
6034,5,2012
6035,11,2011
6036,10,2011
6037,11,2011
6038,11,2011
6039,8,2012
6040,4,2012
6041,10,2012
6042,4,2012
6043,8,2012
6044,12,2011
6045,1,2012
6046,11,2011
6047,12,2011
6048,8,2012
6049,2,2012
6050,11,2011
6051,9,2011
6052,11,2011
6055,2,2012
6056,4,2012
6057,11,2011
6058,11,2011
6059,12,2011
6060,5,2012
6061,8,2012
6062,11,2011
6063,1,2012
6064,1,2012
6065,11,2011
6066,3,2012
6067,3,2012
6068,3,2012
6069,8,2012
6070,4,2012
6071,8,2012
6072,12,2011
6073,5,2012
6075,10,2012
6077,11,2011
6078,2,2012
6079,8,2012
6080,11,2011
6081,8,2012
6082,11,2011
6083,3,2012
6084,2,2012
6085,10,2011
6086,4,2012
6087,12,2012
6088,3,2012
6089,8,2012
6090,8,2012
6091,11,2011
6092,3,2012
6093,1,2012
6094,10,2012
6095,3,2012
6096,3,2012
6097,8,2012
6098,2,2012
6099,11,2011
6100,11,2011
6101,11,2011
6102,10,2012
6103,8,2012
6104,11,2011
6105,11,2011
6106,8,2012
6107,12,2011
6108,11,2011
6109,11,2011
6111,8,2012
6112,8,2012
6113,10,2012
6114,10,2012
6115,2,2012
6116,11,2011
6117,1,2012
6119,2,2012
6120,9,2012
6121,3,2012
6122,5,2012
6123,3,2012
6124,10,2011
6125,12,2011
6126,12,2011
6127,1,2012
6130,3,2012
6131,2,2012
6132,2,2012
6133,9,2012
6134,3,2012
6135,2,2012
6136,3,2012
6137,11,2011
6138,9,2012
6139,3,2012
6140,11,2011
6141,7,2012
6142,2,2012
6143,10,2012
6144,2,2012
6145,8,2012
6146,11,2011
6147,12,2011
6148,12,2011
6149,3,2012
6150,8,2012
6151,10,2011
6152,3,2012
6153,8,2012
6154,5,2011
6155,3,2012
6156,3,2012
6157,11,2011
6158,11,2011
6160,10,2011
6161,11,2011
6162,4,2012
6163,10,2011
6164,4,2012
6165,8,2012
6166,3,2012
6167,8,2012
6168,11,2011
6169,11,2011
6171,4,2012
6172,11,2011
6173,3,2012
6174,4,2012
6175,4,2012
6176,8,2012
6177,12,2011
6178,1,2012
6179,3,2012
6180,10,2011
6181,4,2012
6182,10,2011
6183,3,2012
6184,8,2012
6185,12,2011
6186,8,2012
6187,8,2012
6188,3,2012
6189,3,2012
6190,1,2012
6191,3,2012
6192,2,2012
6193,3,2012
6194,3,2012
6195,4,2012
6196,3,2012
6197,10,2011
6198,7,2012
6199,3,2012
6200,4,2012
6201,4,2012
6202,11,2011
6203,3,2012
6204,3,2012
6205,3,2012
6207,2,2012
6208,10,2011
6210,11,2011
6211,6,2012