,PointID,Month,Year,County,Layer upper limit,Layer lower limit,Horizon lower limit,gS,mS,fS,gU,mU,fU,Sand,Silt,Clay,Soil texture class,pH_H2O,EC_H2O,pH_CaCl2,TC,TOC,TIC,TN,TS,BD_FS,FSS,Water content,Stone density,BD_bulk,Rock fragment fraction,Mn_Ox,Fe_Ox,Al_Ox,Mn_Di,Fe_Di,Al_Di
1429,339,6,2011,NI        ,30,50,60.0,0.0,0.0,32.3,44.4,6.0,2.1,32.3,52.5,15.2,Uls,6.21,23.7,5.48,4.07,4.07,0.0,0.52,,1.46,2920.0,12.86,2.65,1.46,0.0,,,,,,
3507,992,3,2011,NI        ,30,50,72.0,2.9,12.8,10.8,52.5,9.8,3.0,26.5,65.3,8.2,Ut2,6.48,35.4,5.66,5.93,5.93,0.0,0.56,,1.57,3135.5,18.87,2.65,1.57,0.141886792,,,,,,
3636,1037,3,2011,NI        ,30,50,85.0,0.0,0.9,5.9,70.5,11.0,2.6,6.8,84.2,9.0,Ut2,6.75,45.6,6.15,1.78,1.78,0.0,0.18,,1.34,2680.0,35.53,2.65,1.34,0.0,,,,,,
3790,1096,3,2011,NI        ,30,40,40.0,0.7,5.0,6.3,64.0,13.2,2.5,12.0,79.7,8.3,Ut2,6.01,32.0,5.55,12.07,12.07,0.0,1.01,,1.4,1398.8,18.03,2.65,1.4,0.083773585,,,,,,
3791,1096,3,2011,NI        ,40,50,68.0,0.3,3.5,5.6,66.5,13.3,3.0,9.5,82.8,7.7,Uu,6.14,40.8,5.6,7.14,7.14,0.0,0.72,,1.38,1379.8,20.11,2.65,1.38,0.011320755,,,,,,
3923,1155,8,2011,NI        ,30,50,67.0,0.2,2.7,7.3,66.6,13.3,4.1,10.2,83.9,5.9,Uu,5.6,70.8,5.13,6.07,6.07,0.0,0.57,,1.35,2699.3,18.77,2.65,1.35,0.02490566,,,,,,
3930,1157,3,2011,NI        ,30,50,47.0,0.5,6.9,9.4,60.3,11.5,2.1,16.8,73.9,9.3,Ut2,6.16,36.0,5.43,2.02,2.02,0.0,0.19,,1.52,2979.2,20.05,2.65,1.52,2.0,,,,,,
3936,1158,4,2011,NI        ,30,50,49.0,0.3,2.9,6.0,61.2,13.8,2.7,9.1,77.7,13.2,Ut3,6.18,85.8,5.69,2.95,2.95,0.0,0.3,,1.56,3120.0,20.79,2.65,1.56,0.0,,,,,,
4893,1486,10,2011,NI        ,30,50,52.0,0.9,15.5,11.4,51.4,11.1,2.8,27.9,65.3,6.8,Us,7.38,46.0,7.0,4.85,4.85,0.0,0.52,,1.59,3178.5,15.05,2.65,1.59,0.046037736,,,,,,
5042,1551,8,2011,NI        ,30,50,53.0,0.3,2.1,1.9,59.8,19.3,3.6,4.2,82.7,13.1,Ut3,7.84,139.8,7.28,6.31,5.62,0.69,0.72,,1.54,3038.2,8.74,2.65,1.54,1.358490566,,,,,,
5192,1607,8,2011,NI        ,30,40,40.0,0.1,0.5,2.4,64.8,15.0,3.7,2.9,83.5,13.6,Ut3,6.48,68.4,5.97,10.46,10.46,0.0,1.0,,1.39,1388.4,15.49,2.65,1.39,0.0,378.77,3.7,1.62,406.76,8.41,2.15
5193,1607,8,2011,NI        ,40,50,60.0,0.1,0.3,1.5,60.6,16.0,1.9,1.8,78.5,19.7,Ut4,6.78,32.8,6.18,2.13,2.13,0.0,0.28,,1.6,1600.0,15.87,2.65,1.6,0.0,257.95,3.16,1.7,264.48,10.08,2.59
5208,1612,8,2012,NI        ,30,50,54.0,1.9,17.1,9.6,44.8,11.9,2.8,28.6,59.5,11.9,Uls,6.19,55.4,5.4,9.72,9.72,0.0,0.93,,1.51,2997.2,8.61,2.65,1.52,0.753962264,228.23,2.87,1.02,232.61,5.35,1.16
5214,1613,8,2011,NI        ,30,50,47.0,3.6,10.2,8.8,44.1,14.8,5.2,22.6,64.0,13.4,Uls,6.74,62.5,6.47,35.94,35.3,0.64,1.77,,0.76,798.1,8.56,2.65,1.66,47.49207547,,,,,,
5220,1615,7,2011,NI        ,30,40,60.0,0.7,1.2,2.4,60.1,16.6,3.2,4.2,79.8,16.0,Ut3,6.87,48.8,6.38,10.99,10.7,0.29,1.12,,1.56,1558.3,19.02,2.65,1.56,0.107924528,,,,,,
5221,1615,7,2011,NI        ,40,50,60.0,0.3,0.7,2.0,60.9,16.7,2.8,3.0,80.4,16.6,Ut3,6.93,30.9,6.43,6.28,6.28,0.0,0.72,,1.45,1449.5,16.75,2.65,1.45,0.037735849,,,,,,
5228,1618,8,2011,NI        ,30,50,48.0,0.1,0.7,1.1,61.4,21.5,4.6,1.8,87.4,10.8,Ut2,7.75,83.5,7.29,4.15,4.15,0.0,0.43,,1.49,2979.6,12.57,2.65,1.49,0.012830189,,,,,,
5381,1671,8,2012,NI        ,30,50,85.0,0.1,0.3,2.4,66.2,16.9,2.1,2.9,85.3,11.8,Ut2,6.4,30.6,5.67,6.73,6.73,0.0,0.8,,1.49,2957.8,18.01,2.65,1.5,0.746415094,,,,,,
5387,1672,9,2011,NI        ,30,50,110.0,0.2,3.9,14.2,58.6,11.1,2.2,18.2,72.0,9.8,Ut2,6.02,35.1,5.36,5.63,5.63,0.0,0.66,,1.44,2873.9,17.5,2.65,1.44,0.212075472,,,,,,
5418,1683,8,2011,NI        ,30,50,50.0,0.1,0.2,0.5,52.8,22.9,4.0,0.8,79.7,19.5,Ut4,6.47,36.1,5.84,3.11,3.11,0.0,0.39,,1.47,2925.3,19.95,2.65,1.47,0.5,,,,,,
5423,1687,5,2011,NI        ,30,50,50.0,0.2,0.6,0.9,49.0,22.7,4.8,1.7,76.4,21.9,Ut4,7.09,103.6,6.54,19.73,17.81,1.92,1.41,,1.4,2800.0,21.4,2.65,1.4,0.0,,,,,,
5428,1688,8,2011,NI        ,30,40,52.0,0.1,0.1,0.6,51.6,24.2,4.4,0.9,80.1,19.0,Ut4,7.78,106.3,7.1,8.78,8.55,0.23,0.87,,1.5,1500.0,18.94,2.65,1.5,0.0,,,,,,
5429,1688,8,2011,NI        ,40,50,52.0,0.1,0.1,0.4,51.2,27.2,3.5,0.5,81.9,17.6,Ut4,7.91,71.0,7.18,3.51,3.51,0.0,0.35,,1.44,1440.0,14.76,2.65,1.44,0.0,,,,,,
5609,1747,7,2011,NI        ,30,50,54.0,8.5,4.9,4.6,37.2,21.1,10.2,17.9,68.4,13.7,Ut3,5.89,38.9,5.06,2.05,2.05,0.0,0.44,,1.6,1989.8,14.12,2.65,,27.81873152,,,,,,
5614,1752,8,2011,NI        ,30,50,50.0,0.1,0.3,1.1,54.9,22.0,3.6,1.5,80.5,18.0,Ut4,7.83,80.7,7.3,2.43,2.1,0.33,0.27,,1.57,3135.2,10.57,2.65,1.57,0.15245283,,,,,,
5619,1753,9,2011,NI        ,30,40,40.0,0.2,0.4,0.8,50.5,22.1,4.3,1.3,76.9,21.8,Ut4,7.83,84.3,7.38,4.06,3.83,0.23,0.48,,1.45,1432.4,19.61,2.65,1.45,1.210566038,,,,,,
5620,1753,9,2011,NI        ,40,50,53.0,0.5,0.3,0.5,51.1,24.1,3.3,1.3,78.6,20.1,Ut4,7.99,99.1,7.58,3.43,2.52,0.91,0.35,,1.46,1439.4,16.35,2.65,1.47,1.40754717,,,,,,
5625,1757,8,2011,NI        ,30,50,53.0,0.4,0.5,0.7,49.4,25.3,4.5,1.5,79.1,19.4,Ut4,7.37,41.9,6.7,3.42,3.42,0.0,0.5,,1.47,2938.4,7.06,2.65,1.47,0.055849057,,,,,,
5631,1758,4,2011,NI        ,30,37,37.0,0.6,1.2,2.1,49.6,24.4,4.9,3.9,78.9,17.2,Ut4,8.08,118.0,7.4,14.02,10.29,3.73,0.99,,1.42,991.5,23.65,2.65,1.42,0.252830189,,,,,,
5632,1758,4,2011,NI        ,37,50,53.0,0.2,0.4,1.5,45.2,25.6,6.0,2.1,76.7,21.2,Ut4,7.92,74.0,7.25,4.84,4.57,0.27,0.53,,1.48,1923.9,23.08,2.65,1.48,0.00754717,,,,,,
5637,1759,5,2011,NI        ,30,40,40.0,0.8,1.8,2.8,43.9,22.8,5.8,5.4,72.6,22.0,Ut4,8.14,116.1,7.42,10.09,6.23,3.86,0.8,,1.54,1523.3,15.91,2.65,1.54,1.08754717,,,,,,
5642,1761,9,2011,NI        ,30,50,52.0,0.3,0.6,1.0,51.3,24.8,6.9,1.9,83.0,15.1,Ut3,8.17,112.8,7.54,4.55,3.7,0.85,0.54,,1.37,2712.6,23.75,2.65,1.37,1.0,,,,,,
5700,1777,9,2016,BB        ,30,50,55.0,1.6,11.0,10.6,50.3,15.7,3.3,23.2,69.2,7.6,Us,6.41,29.8,5.9,2.42,2.42,0.0,0.27,,1.62,3234.9,16.21,2.65,1.62,0.158490566,,,,,,
5824,1818,5,2011,NI        ,30,50,50.0,0.2,0.5,3.9,59.2,17.4,3.6,4.7,80.2,15.1,Ut3,6.67,40.1,6.02,5.02,5.02,0.0,0.55,,1.46,2918.1,16.66,2.65,1.46,0.06490566,,,,,,
5829,1819,8,2011,NI        ,30,50,50.0,1.2,1.1,2.8,54.9,19.4,4.8,5.2,79.1,15.7,Ut3,5.96,25.1,5.36,4.69,4.69,0.0,0.54,,1.52,2686.8,7.18,2.65,,22.31423894,,,,,,
5834,1821,3,2012,NI        ,30,50,52.0,0.1,0.5,1.0,61.2,21.9,3.1,1.7,86.2,12.1,Ut3,6.96,42.5,6.5,4.18,4.18,0.0,0.5,,1.52,3024.4,23.39,2.65,1.53,0.513962264,,,,,,
5839,1822,9,2011,NI        ,30,50,67.0,0.5,2.8,4.1,51.2,20.3,4.4,7.4,75.9,16.7,Ut3,7.1,48.5,6.59,5.62,5.62,0.0,0.69,,1.45,2889.0,8.73,2.65,1.46,0.378113208,,,,,,
5844,1824,8,2011,NI        ,30,50,47.0,0.4,1.1,1.7,53.6,21.2,4.1,3.2,78.9,17.9,Ut4,7.09,63.0,6.63,8.26,8.26,0.0,0.9,,1.59,3176.6,10.98,2.65,1.59,0.107924528,,,,,,
5849,1825,8,2011,NI        ,30,38,38.0,1.6,6.3,26.1,33.6,14.9,4.2,34.0,52.7,13.3,Uls,7.41,113.2,6.82,12.13,12.13,0.0,1.26,,1.48,1044.9,9.18,2.65,,11.71534596,,,,,,
5850,1825,8,2011,NI        ,38,50,55.0,1.7,4.2,28.8,30.4,16.5,5.4,34.7,52.2,13.1,Uls,7.41,67.3,6.78,3.46,3.46,0.0,0.49,,1.57,768.2,5.18,2.65,,41.02667675,,,,,,
5853,1826,3,2011,NI        ,30,50,90.0,0.2,1.4,1.8,47.9,25.9,5.4,3.4,79.2,17.4,Ut4,7.58,53.7,6.98,3.18,3.18,0.0,0.47,,1.63,3257.6,21.5,2.65,1.63,0.073962264,,,,,,
5862,1831,3,2011,NI        ,30,50,70.0,0.0,0.6,1.3,47.8,24.4,5.7,2.0,77.9,20.1,Ut4,7.98,109.6,7.36,17.8,15.18,2.62,1.53,,1.32,2640.0,26.28,2.65,1.32,0.0,,,,,,
5989,1886,9,2011,NI        ,30,50,67.0,1.0,0.6,1.9,58.5,20.0,4.1,3.4,82.6,14.0,Ut3,7.22,41.6,6.67,5.42,5.42,0.0,0.68,,1.48,2953.8,18.73,2.65,1.48,0.208301887,,,,,,
5994,1887,7,2011,NI        ,30,50,46.0,0.8,7.0,7.7,49.3,17.6,5.3,15.5,72.3,12.2,Ut3,7.22,38.6,6.7,3.99,3.99,0.0,0.53,,1.52,2947.6,9.8,2.65,1.51,1.0,,,,,,
6001,1888,8,2011,NI        ,30,40,40.0,0.1,0.4,1.5,59.1,18.3,3.6,2.0,81.0,17.0,Ut4,7.46,90.9,6.92,11.06,11.06,0.0,1.21,,1.46,1458.4,21.3,2.65,1.46,0.111698113,,,,,,
6002,1888,8,2011,NI        ,40,50,50.0,1.1,8.4,9.4,46.8,17.2,4.7,18.9,68.7,12.4,Ut3,7.64,42.2,7.01,4.78,4.78,0.0,0.62,,1.48,1479.1,8.15,2.65,1.48,0.058113208,,,,,,
6007,1889,6,2011,NI        ,30,50,119.0,1.7,2.0,5.5,46.2,20.1,6.2,9.2,72.6,18.2,Ut4,6.1,26.7,5.62,7.74,7.74,0.0,0.71,,1.39,2594.7,10.81,2.65,,6.666792991,,,,,,
6022,1893,11,2011,NI        ,30,40,41.0,2.9,6.7,2.9,44.9,19.1,5.2,12.5,69.2,18.3,Ut4,7.37,62.2,6.83,8.39,7.69,0.7,0.96,,1.44,1411.9,9.55,2.65,1.46,1.950943396,,,,,,
6028,1894,5,2011,NI        ,30,40,40.0,1.0,3.5,5.6,44.5,22.6,5.9,10.1,72.9,17.0,Ut4,7.2,61.1,6.63,9.71,9.71,0.0,1.07,,1.61,1598.8,19.76,2.65,1.62,0.698113208,,,,,,
6029,1894,5,2011,NI        ,40,50,52.0,0.3,1.9,3.3,46.3,25.3,6.8,5.5,78.4,16.1,Ut3,7.3,41.7,6.6,5.74,5.74,0.0,0.68,,1.48,1467.9,21.03,2.65,1.49,0.814339623,,,,,,
6040,1896,6,2011,NI        ,30,50,200.0,3.3,3.1,2.0,49.9,21.8,5.5,8.3,77.2,14.5,Ut3,7.42,76.3,6.9,10.76,9.88,0.88,1.2,,1.47,2845.2,12.22,2.65,1.49,3.22490566,,,,,,
6122,1917,3,2017,BB        ,30,39,39.0,1.2,9.2,11.7,47.2,20.3,3.3,22.0,70.8,7.2,Us,5.95,29.9,5.12,3.97,3.97,0.0,0.34,,1.7,1528.8,16.79,2.65,1.7,0.075471698,,,,,,
6123,1917,3,2017,BB        ,39,50,48.0,0.8,7.4,10.0,49.9,20.1,6.3,18.1,76.3,5.6,Us,6.14,38.0,5.58,1.49,1.49,0.0,0.13,,1.61,1770.8,19.28,2.65,1.61,0.009056604,,,,,,
6360,1990,8,2017,BB        ,30,38,38.0,5.2,18.0,9.9,41.4,16.4,3.9,33.1,61.7,5.2,Us,6.1,60.4,5.62,6.7,6.7,0.0,0.56,,1.5,1198.9,12.96,2.65,1.5,0.090566038,,,,,,
6361,1990,8,2017,BB        ,38,50,53.0,3.7,10.5,6.3,49.0,19.6,4.2,20.5,72.7,6.8,Us,6.42,49.7,6.11,1.44,1.44,0.0,0.13,,1.55,1839.5,14.38,2.65,1.55,1.104150943,,,,,,
6373,1993,2,2017,BB        ,30,40,40.0,6.0,23.3,11.7,36.0,14.5,2.9,41.0,53.5,5.5,Us,5.63,61.3,5.02,3.91,3.91,0.0,0.35,,1.68,1665.6,12.19,2.65,1.69,0.859622642,,,,,,
6529,2034,9,2011,NI        ,30,50,70.0,0.3,2.6,19.7,42.5,15.5,4.3,22.5,62.3,15.2,Uls,7.42,50.1,6.74,5.45,5.45,0.0,0.7,,1.54,3078.8,15.33,2.65,1.54,0.038490566,,,,,,
6534,2037,4,2011,NI        ,30,35,35.0,0.2,0.2,0.8,58.8,21.6,4.8,1.3,85.2,13.5,Ut3,7.23,43.6,6.8,5.11,5.11,0.0,0.62,,1.5,750.0,19.49,2.65,1.5,0.0,,,,,,
6535,2037,4,2011,NI        ,35,50,50.0,0.1,0.1,0.7,55.3,19.3,4.0,0.9,78.6,20.5,Ut4,7.21,32.9,6.78,3.15,3.15,0.0,0.45,,1.46,2190.0,20.1,2.65,1.46,0.0,,,,,,
6784,2110,10,2011,NI        ,30,50,69.0,1.6,1.2,3.0,21.7,54.3,6.2,5.8,82.1,12.1,Ut3,8.51,70.1,7.63,94.7,2.82,91.88,0.35,,1.11,1486.3,8.92,2.65,,30.04622401,,,,,,
6795,2112,9,2012,NI        ,30,50,135.0,0.2,0.6,6.5,31.8,26.0,10.7,7.3,68.4,24.3,Ut4,7.51,81.3,7.0,15.67,14.97,0.7,1.8,,1.34,2680.0,18.41,2.65,1.34,0.0,,,,,,
6802,2113,8,2011,NI        ,30,50,68.0,0.0,0.1,0.7,48.8,25.0,6.1,0.8,79.9,19.3,Ut4,7.5,52.3,6.86,2.87,2.64,0.23,0.44,,1.61,3215.2,19.82,2.65,1.61,0.150188679,,,,,,
6807,2114,6,2011,NI        ,30,50,51.0,0.0,0.2,0.7,45.2,24.1,6.7,0.9,75.9,23.2,Ut4,7.3,57.2,6.63,4.96,4.96,0.0,0.62,,1.47,2940.0,12.71,2.65,1.47,0.0,,,,,,
7024,2182,7,2011,NI        ,30,50,59.0,4.0,8.7,16.8,33.2,16.4,5.5,29.5,55.1,15.4,Uls,5.37,23.1,4.74,5.29,5.29,0.0,0.51,,1.33,2532.7,20.01,2.65,1.4,4.784150943,,,,,,
7030,2185,8,2011,NI        ,30,50,73.0,2.3,3.5,5.8,24.1,35.1,8.0,11.6,67.1,21.3,Ut4,8.26,129.7,7.74,89.35,7.02,82.33,0.59,,1.5,1704.0,22.96,2.65,,31.65857005,,,,,,
7034,2186,3,2012,NI        ,30,50,54.0,0.2,0.5,1.1,48.5,23.1,5.5,1.8,77.1,21.1,Ut4,7.61,99.8,7.15,19.23,17.76,1.47,2.14,,1.4,2796.6,25.93,2.65,1.4,0.122264151,,,,,,
7039,2188,4,2011,NI        ,30,50,91.0,0.5,2.3,4.8,47.5,20.2,5.8,7.6,73.5,18.9,Ut4,7.09,40.4,6.33,9.3,9.07,0.23,0.83,,1.45,2890.7,19.56,2.65,1.45,0.284528302,,,,,,
7267,2262,3,2011,NI        ,30,40,40.0,0.6,6.1,14.7,46.8,14.6,4.3,21.4,65.8,12.8,Ut3,6.49,44.2,5.86,6.2,6.2,0.0,0.74,,1.53,1521.9,18.26,2.65,1.54,0.530566038,,,,,,
7617,2408,8,2011,NI        ,30,50,46.0,0.7,2.6,5.7,56.9,18.6,3.3,8.9,78.8,12.3,Ut3,7.17,41.7,6.53,3.62,3.62,0.0,0.47,,1.49,2946.6,15.09,2.65,1.49,1.121509434,,,,,,
8101,2560,3,2011,NI        ,30,50,47.0,0.4,0.9,1.4,44.0,24.1,5.5,2.7,73.6,23.7,Ut4,6.54,49.1,6.03,3.12,3.12,0.0,0.41,,1.51,3020.0,24.13,2.65,1.51,0.0,,,,,,
11387,3773,8,2014,BY        ,30,50,50.0,19.3,6.5,6.3,18.3,24.5,14.5,32.1,57.3,10.6,Uls,7.26,54.7,6.48,8.05,8.05,0.0,1.09,,1.15,1150.0,12.05,2.65,,50.0,,,,,,
11439,3801,8,2014,BY        ,30,50,85.0,6.1,3.4,2.1,20.1,44.2,10.0,11.6,74.3,14.1,Ut3,6.49,41.7,6.05,2.75,2.75,0.0,0.33,,1.62,3237.0,19.46,2.65,1.62,0.049811321,,,,,,
11446,3805,7,2014,BY        ,30,50,46.0,0.1,0.8,5.0,47.1,18.6,5.1,6.0,70.8,23.2,Ut4,8.33,112.5,7.74,102.05,4.95,97.1,0.35,,1.01,707.0,5.31,2.65,,65.0,,,,,,
11571,3854,1,2014,BY        ,30,40,40.0,0.3,1.4,4.7,55.9,15.0,3.5,6.5,74.4,19.1,Ut4,7.85,139.6,7.36,17.52,6.93,10.59,0.82,,1.58,1574.9,21.06,2.65,1.59,0.324528302,,,,,,
11572,3854,1,2014,BY        ,40,50,70.0,0.1,0.8,5.5,50.0,16.3,5.4,6.4,71.7,21.9,Ut4,7.9,126.4,7.39,6.53,4.03,2.5,0.56,,1.57,1569.9,20.17,2.65,1.57,0.00754717,,,,,,
11583,3860,3,2014,BY        ,30,50,50.0,0.0,0.0,1.2,42.7,25.4,5.9,1.3,74.0,24.7,Ut4,7.34,32.4,6.68,2.68,2.55,0.13,0.4,,1.6,3199.4,22.87,2.65,1.6,0.017358491,494.03,1.79,1.28,462.23,12.79,2.18
11600,3864,6,2014,BY        ,30,50,110.0,0.3,0.3,1.3,40.5,26.5,6.2,1.9,73.2,24.9,Ut4,8.23,112.5,7.71,29.69,3.4,26.29,0.28,,1.43,2848.6,17.91,2.65,1.44,0.4,,,,,,
11735,3916,1,2014,BY        ,30,50,70.0,0.3,0.7,2.5,41.7,27.1,7.9,3.5,76.7,19.8,Ut4,6.89,34.7,6.18,3.68,3.68,0.0,0.44,,1.53,3058.5,21.76,2.65,1.53,0.049056604,,,,,,
11750,3921,11,2014,BY        ,30,50,46.0,1.7,5.3,7.8,36.4,26.6,9.7,14.9,72.7,12.4,Ut3,6.25,36.4,5.92,3.97,3.97,0.0,0.26,,1.59,3159.9,19.87,2.65,1.59,0.630943396,,,,,,
11955,3988,9,2014,BY        ,30,50,52.0,8.2,11.4,10.1,24.6,21.7,9.2,29.7,55.5,14.8,Uls,6.98,51.5,6.05,8.55,8.55,0.0,0.5,,1.48,2853.0,21.82,2.65,1.52,3.614339623,,,,,,
12022,4018,2,2014,BY        ,30,40,40.0,1.7,2.5,5.2,40.2,24.8,7.0,9.4,71.9,18.7,Ut4,6.27,44.9,5.62,4.41,4.41,0.0,0.45,,1.49,1468.0,23.12,2.65,1.5,1.474716981,,,,,,
12155,4080,2,2014,BY        ,30,50,50.0,0.0,0.0,0.8,37.3,29.2,8.6,0.9,75.1,24.0,Ut4,8.1,105.8,7.52,30.76,4.74,26.02,0.43,,1.46,2889.5,24.51,2.65,1.46,1.046037736,,,,,,
12284,4138,4,2014,BY        ,30,40,40.0,1.2,0.9,2.0,33.3,29.2,10.0,4.1,72.5,23.4,Ut4,7.56,50.2,6.88,4.26,4.26,0.0,0.41,,1.48,1479.7,18.61,2.65,1.48,0.022641509,,,,,,
13688,4687,9,2014,BY        ,30,38,38.0,1.5,1.8,2.0,37.2,28.6,7.6,5.3,73.4,21.3,Ut4,7.94,162.7,7.37,9.73,9.21,0.52,1.03,,1.44,1132.4,22.22,2.65,1.45,1.701132075,,,,,,
13796,4733,3,2014,BY        ,30,50,50.0,0.2,1.2,5.4,45.1,21.0,6.2,6.8,72.2,21.0,Ut4,8.28,129.8,7.61,40.82,2.4,38.42,0.2,,1.49,2962.5,22.31,2.65,1.5,0.587924528,,,,,,
13824,4743,10,2014,BY        ,30,37,37.0,0.4,0.8,2.8,41.7,24.6,6.4,4.0,72.7,23.3,Ut4,7.35,97.6,6.85,9.95,9.51,0.44,1.04,,1.55,1083.9,20.91,2.65,1.56,0.101132075,470.46,3.79,1.04,474.04,9.52,1.56
13946,4789,11,2013,BY        ,30,50,48.0,1.7,5.0,6.1,37.0,23.3,8.4,12.8,68.7,18.5,Ut4,6.29,39.1,5.55,9.47,9.47,0.0,1.01,,1.48,2914.1,24.59,2.65,1.5,1.549433962,,,,,,
14091,4841,12,2013,BY        ,40,50,62.0,0.0,0.4,1.7,19.5,27.3,34.5,2.1,81.3,16.6,Ut3,6.71,85.7,6.17,24.95,24.95,0.0,2.51,,1.28,1279.5,35.18,2.65,1.28,0.036226415,,,,,,
14220,4886,12,2013,BY        ,30,50,48.0,1.1,2.5,5.1,38.2,22.7,6.9,8.7,67.8,23.5,Ut4,7.47,48.2,6.8,4.36,4.17,0.19,0.46,,1.52,3037.5,24.01,2.65,1.52,0.081509434,,,,,,
14317,4910,11,2013,BY        ,30,50,50.0,1.8,1.3,2.0,36.8,29.5,9.1,5.2,75.4,19.4,Ut4,6.91,26.1,6.13,4.2,4.2,0.0,0.45,,1.5,2994.4,23.84,2.65,1.51,0.185660377,,,,,,
14673,5014,11,2013,BY        ,30,50,50.0,0.8,0.7,3.9,35.8,28.1,9.3,5.3,73.1,21.6,Ut4,7.18,40.1,6.37,2.77,2.54,0.23,0.36,,1.53,3058.8,23.51,2.65,1.53,0.04,,,,,,
14719,5038,9,2015,BY        ,30,50,67.0,1.2,9.5,21.9,28.5,15.9,6.4,32.5,50.8,16.7,Uls,5.64,22.1,5.17,5.15,5.15,0.0,0.61,,1.59,3161.2,13.64,2.65,1.6,0.59245283,,,,,,
14731,5042,10,2013,BY        ,30,50,46.0,0.5,2.5,5.6,33.4,25.7,9.7,8.6,68.8,22.6,Ut4,6.91,19.8,5.89,5.12,5.12,0.0,0.61,,1.51,3018.0,23.29,2.65,1.51,0.066415094,,,,,,
14752,5048,8,2013,BY        ,39,50,70.0,0.5,4.2,7.3,38.9,23.3,7.0,12.0,69.3,18.7,Ut4,6.7,34.8,5.95,5.88,5.88,0.0,0.63,,1.5,1643.9,22.91,2.65,1.5,0.369811321,,,,,,
14775,5055,2,2015,BY        ,30,50,54.0,0.2,0.8,3.3,39.9,25.1,7.8,4.3,72.8,22.9,Ut4,5.86,34.9,5.26,5.17,5.17,0.0,0.57,,1.48,2960.0,24.94,2.65,1.48,0.0,,,,,,
14923,5108,8,2014,BY        ,30,50,50.0,1.3,1.8,2.1,38.2,25.6,8.6,5.1,72.3,22.6,Ut4,5.9,21.2,5.21,7.42,7.42,0.0,0.78,,1.52,3008.3,24.73,2.65,1.52,1.042264151,,,,,,
15058,5144,10,2013,BY        ,30,36,36.0,0.3,1.4,6.3,36.8,27.4,9.5,8.1,73.6,18.3,Ut4,6.08,46.7,5.4,8.71,8.71,0.0,0.9,,1.54,922.2,21.15,2.65,1.55,0.196981132,,,,,,
15088,5152,8,2013,BY        ,30,50,50.0,14.0,10.5,11.7,24.3,20.8,6.2,36.2,51.2,12.6,Uls,8.01,111.7,7.5,72.28,10.05,62.23,0.76,,0.9,630.0,6.66,2.65,,65.0,,,,,,
15113,5159,5,2015,BY        ,30,50,46.0,0.7,0.8,4.7,43.6,23.0,6.0,6.2,72.6,21.2,Ut4,7.34,43.8,6.83,2.82,2.61,0.21,0.38,,1.53,3058.9,24.25,2.65,1.53,0.034716981,,,,,,
15118,5162,11,2013,BY        ,30,50,49.0,1.5,2.1,5.1,43.5,23.2,6.6,8.7,73.3,18.0,Ut4,6.96,34.3,6.15,5.26,5.26,0.0,0.54,,1.48,2942.2,23.65,2.65,1.49,0.600754717,,,,,,
15206,5191,11,2014,BY        ,30,50,50.0,10.9,11.4,10.5,20.9,22.4,11.2,32.8,54.4,12.8,Uls,8.06,155.0,7.53,79.93,12.03,67.9,0.9,,0.97,291.0,13.31,2.65,,85.0,,,,,,
15212,5192,11,2013,BY        ,30,50,60.0,0.4,2.0,6.2,32.5,25.5,10.1,8.6,68.2,23.2,Ut4,6.64,23.5,5.73,5.44,5.44,0.0,0.61,,1.5,2989.2,21.88,2.65,1.51,0.358490566,,,,,,
15241,5208,9,2013,BY        ,40,50,50.0,1.6,2.3,3.8,31.8,26.0,10.3,7.6,68.1,24.3,Ut4,6.78,34.7,5.98,3.55,3.55,0.0,0.44,,1.55,1517.8,20.39,2.65,1.56,2.078490566,,,,,,
15341,5240,11,2014,BY        ,30,50,50.0,0.4,1.6,5.9,30.6,27.0,11.0,7.8,68.7,23.5,Ut4,7.18,34.8,7.13,3.34,3.11,0.23,0.33,,1.65,3294.5,20.5,2.65,1.66,0.166792453,,,,,,
15374,5256,9,2013,BY        ,42,50,50.0,0.4,0.8,3.1,33.6,29.0,9.5,4.3,72.1,23.6,Ut4,6.77,21.5,5.88,2.37,2.37,0.0,0.33,,1.51,1207.2,23.42,2.65,1.51,0.067924528,,,,,,
15657,5352,5,2013,BY        ,30,50,67.0,0.0,0.4,10.0,25.6,37.9,12.1,10.4,75.6,14.0,Ut3,7.18,35.2,6.7,3.34,2.16,1.18,0.33,,1.57,3140.0,22.68,2.65,1.57,0.0,,,,,,
15790,5391,9,2013,BY        ,30,50,150.0,8.1,9.4,15.8,23.0,18.9,9.6,33.3,51.5,15.2,Uls,8.22,110.0,7.47,90.28,3.5,86.78,0.38,,1.0,300.0,7.27,2.65,,85.0,,,,,,
16071,5524,7,2014,BY        ,30,50,67.0,1.8,1.8,7.1,37.7,24.0,11.4,10.6,73.1,16.3,Ut3,8.29,95.4,7.51,103.95,3.49,100.46,0.16,,1.93,2574.2,13.7,2.65,,33.24269795,,,,,,
16220,6023,11,2011,NI        ,30,50,52.0,0.2,1.9,4.3,67.1,16.3,4.8,6.5,88.2,5.3,Uu,6.58,64.1,6.02,7.71,7.71,0.0,0.61,,1.33,2659.4,23.69,2.65,1.33,0.022641509,,,,,,
16375,6051,9,2011,NI        ,30,50,73.0,0.1,0.5,2.3,63.8,15.4,2.2,2.8,81.4,15.8,Ut3,6.47,71.0,5.68,2.04,2.04,0.0,0.26,,1.53,3059.4,19.02,2.65,1.53,0.019622642,,,,,,
16528,6083,3,2012,NI        ,30,50,63.0,0.3,3.1,10.4,59.1,10.9,1.1,13.9,71.1,15.0,Ut3,6.59,48.1,6.11,3.9,3.9,0.0,0.29,,1.53,3060.0,21.48,2.65,1.53,0.0,,,,,,
16607,6097,8,2012,NI        ,30,50,68.0,0.9,14.6,11.2,35.1,16.6,5.5,26.7,57.2,16.1,Uls,6.87,41.6,6.31,6.9,6.9,0.0,0.67,,1.67,3338.4,9.14,2.65,1.67,0.04754717,,,,,,
16640,6103,8,2012,NI        ,30,50,72.0,0.2,5.8,15.6,43.8,15.5,4.2,21.6,63.4,15.0,Uls,7.81,90.5,7.3,9.24,7.48,1.76,0.99,,1.46,2919.4,13.46,2.65,1.46,0.018867925,,,,,,
16760,6126,12,2011,NI        ,30,50,130.0,0.7,7.4,27.2,43.2,6.4,1.9,35.3,51.5,13.2,Uls,6.49,60.0,6.15,3.33,3.33,0.0,0.34,,1.57,3140.0,21.1,2.65,1.57,0.0,,,,,,
16765,6127,1,2012,NI        ,30,50,67.0,2.9,18.1,12.1,36.9,11.1,2.3,33.1,50.3,16.6,Uls,7.06,61.6,6.76,2.87,2.87,0.0,0.34,,1.77,3254.7,16.1,2.65,1.81,8.059622642,,,,,,
16810,6137,11,2011,NI        ,30,50,70.0,1.6,6.5,6.7,49.2,19.3,4.7,14.8,73.2,12.0,Ut3,6.64,22.4,6.14,3.4,3.4,0.0,0.41,,1.5,2956.7,14.21,2.65,1.51,1.400754717,,,,,,
16815,6138,9,2012,NI        ,30,50,46.0,0.7,1.7,1.7,54.6,20.5,3.1,4.1,78.2,17.7,Ut4,8.13,134.0,7.59,8.08,6.8,1.28,0.77,,1.61,3205.4,9.61,2.65,1.61,0.454339623,,,,,,
16825,6140,11,2011,NI        ,30,50,75.0,0.6,2.8,8.4,54.2,16.7,3.0,11.7,73.9,14.4,Ut3,7.19,59.3,6.59,8.89,8.29,0.6,0.92,,1.57,3136.9,18.94,2.65,1.57,0.098113208,,,,,,
16832,6141,7,2012,NI        ,30,50,70.0,0.6,14.4,14.8,45.7,9.7,2.3,29.8,57.7,12.5,Uls,6.18,41.6,5.64,5.17,5.17,0.0,0.54,,1.59,3179.0,17.18,2.65,1.59,0.03245283,,,,,,
16837,6142,2,2012,NI        ,30,38,38.0,1.5,3.0,4.3,56.7,18.0,3.5,8.8,78.3,12.9,Ut3,6.69,75.0,6.22,10.63,10.63,0.0,1.15,,1.51,1163.0,24.09,2.65,1.53,3.722264151,,,,,,
16843,6143,10,2012,NI        ,30,37,37.0,0.3,0.5,1.1,58.1,21.6,4.6,1.8,84.3,13.9,Ut3,6.88,68.4,6.58,9.33,9.33,0.0,1.0,,1.5,1049.3,20.06,2.65,1.51,0.069433962,,,,,,
16844,6143,10,2012,NI        ,37,50,98.0,0.0,0.3,0.9,54.5,21.4,3.9,1.1,79.8,19.1,Ut4,7.02,51.2,6.61,2.42,2.42,0.0,0.32,,1.46,1897.4,21.2,2.65,1.46,0.033207547,,,,,,
16849,6144,2,2012,NI        ,30,50,73.0,0.1,0.3,0.8,47.4,22.4,5.4,1.2,75.3,23.5,Ut4,7.92,109.2,7.43,3.36,3.01,0.35,0.41,,1.43,2860.0,24.2,2.65,1.43,0.0,,,,,,
16855,6145,8,2012,NI        ,30,50,73.0,1.0,2.2,2.3,47.1,23.4,5.7,5.4,76.2,18.4,Ut4,7.35,46.7,6.78,6.99,6.99,0.0,0.8,,1.48,2949.0,20.14,2.65,1.49,0.372830189,,,,,,
16861,6146,11,2011,NI        ,30,50,53.0,0.6,0.6,1.9,59.3,20.3,3.3,3.0,82.9,14.1,Ut3,6.07,35.2,5.49,6.73,6.73,0.0,0.77,,1.47,2914.7,22.72,2.65,1.48,0.859622642,,,,,,
16866,6147,12,2011,NI        ,30,50,48.0,0.0,0.0,1.3,55.7,19.8,3.8,1.4,79.3,19.3,Ut4,7.11,41.2,6.41,4.03,4.03,0.0,0.55,,1.48,2955.8,19.85,2.65,1.48,0.076226415,,,,,,
16871,6148,12,2011,NI        ,30,50,50.0,0.0,0.2,1.0,40.5,26.7,6.9,1.2,74.2,24.6,Ut4,8.09,89.3,7.48,7.21,6.75,0.46,0.93,,1.43,2860.0,19.44,2.65,1.43,0.0,,,,,,
16876,6149,3,2012,NI        ,30,50,48.0,1.5,4.5,5.6,40.9,21.6,5.0,11.6,67.5,20.9,Ut4,7.56,73.9,7.05,12.33,12.11,0.22,1.09,,1.5,2996.0,22.6,2.65,1.5,0.134339623,,,,,,
16896,6153,8,2012,NI        ,30,50,70.0,0.0,0.1,1.3,50.5,23.3,6.4,1.4,80.1,18.5,Ut4,7.7,93.0,7.46,4.01,2.88,1.13,0.28,,1.56,3038.8,16.09,2.65,1.56,2.602264151,,,,,,
16905,6155,3,2012,NI        ,30,50,61.0,0.1,0.2,1.1,51.0,24.1,6.9,1.4,82.0,16.6,Ut3,6.73,31.8,6.13,4.4,4.21,0.19,0.51,,1.55,3099.5,23.24,2.65,1.55,0.017358491,,,,,,
16912,6156,3,2012,NI        ,30,50,46.0,0.2,0.3,1.3,55.4,21.3,4.4,1.8,81.1,17.1,Ut4,6.98,37.9,6.63,4.0,4.0,0.0,0.46,,1.57,3140.0,22.3,2.65,1.57,0.0,,,,,,
16928,6160,10,2011,NI        ,30,50,62.0,10.1,8.1,7.4,27.3,21.0,9.7,25.6,57.9,16.5,Uls,5.98,17.2,5.02,5.89,5.89,0.0,0.72,,1.26,1795.7,24.06,2.65,,40.0,,,,,,
16934,6161,11,2011,NI        ,30,50,80.0,0.0,0.0,0.7,46.3,25.7,6.3,0.8,78.3,20.9,Ut4,7.28,34.0,6.82,2.02,2.02,0.0,0.33,,1.51,3020.0,16.66,2.65,1.51,0.0,,,,,,
16940,6162,4,2012,NI        ,30,50,130.0,0.2,3.1,9.6,45.5,19.2,4.8,12.9,69.5,17.6,Ut4,7.16,49.5,6.46,7.26,6.27,0.99,0.86,,1.39,2752.2,21.21,2.65,1.39,1.0,,,,,,
16950,6164,4,2012,NI        ,30,40,40.0,0.0,0.4,1.5,53.6,24.6,4.0,1.9,82.1,16.0,Ut3,7.18,104.4,6.67,14.04,12.51,1.53,1.5,,1.23,1227.1,24.39,2.65,1.23,0.238490566,,,,,,
16951,6164,4,2012,NI        ,40,50,74.0,0.1,0.5,2.0,53.1,23.5,4.4,2.6,81.0,16.4,Ut3,7.26,95.0,6.84,8.86,8.67,0.19,1.02,,1.47,1470.0,22.92,2.65,1.47,0.0,,,,,,
